74818153402	1784316197	nd-unfolding/active_universe_5d/fps/merged/runEventLoopOmniFold_5D_FPS_active_BeamAngleX_0_universes_full.root
74817988049	1784317567	nd-unfolding/active_universe_5d/fps/merged/runEventLoopOmniFold_5D_FPS_active_BeamAngleX_1_universes_full.root
74817977723	1784318437	nd-unfolding/active_universe_5d/fps/merged/runEventLoopOmniFold_5D_FPS_active_BeamAngleY_0_universes_full.root
74818122478	1784318729	nd-unfolding/active_universe_5d/fps/merged/runEventLoopOmniFold_5D_FPS_active_BeamAngleY_1_universes_full.root
74818086014	1784318960	nd-unfolding/active_universe_5d/fps/merged/runEventLoopOmniFold_5D_FPS_active_MuonResolution_0_universes_full.root
74818095404	1784319825	nd-unfolding/active_universe_5d/fps/merged/runEventLoopOmniFold_5D_FPS_active_MuonResolution_1_universes_full.root
74818145248	1784320815	nd-unfolding/active_universe_5d/fps/merged/runEventLoopOmniFold_5D_FPS_active_Muon_Energy_MINERvA_0_universes_full.root
74818042505	1784321386	nd-unfolding/active_universe_5d/fps/merged/runEventLoopOmniFold_5D_FPS_active_Muon_Energy_MINERvA_1_universes_full.root
74810853844	1784321469	nd-unfolding/active_universe_5d/fps/merged/runEventLoopOmniFold_5D_FPS_active_Muon_Energy_MINOS_0_universes_full.root
74819287018	1784321912	nd-unfolding/active_universe_5d/fps/merged/runEventLoopOmniFold_5D_FPS_active_Muon_Energy_MINOS_1_universes_full.root
