53845911012	1784361874	nd-unfolding/active_universe_5d/standard/merged/runEventLoopOmniFold_5D_MEFHC_active_BeamAngleX_0.root
53844600453	1784361872	nd-unfolding/active_universe_5d/standard/merged/runEventLoopOmniFold_5D_MEFHC_active_BeamAngleX_1.root
53845291390	1784361874	nd-unfolding/active_universe_5d/standard/merged/runEventLoopOmniFold_5D_MEFHC_active_BeamAngleY_0.root
53845371537	1784361873	nd-unfolding/active_universe_5d/standard/merged/runEventLoopOmniFold_5D_MEFHC_active_BeamAngleY_1.root
53845199952	1784361986	nd-unfolding/active_universe_5d/standard/merged/runEventLoopOmniFold_5D_MEFHC_active_MuonResolution_0.root
53845210317	1784361990	nd-unfolding/active_universe_5d/standard/merged/runEventLoopOmniFold_5D_MEFHC_active_MuonResolution_1.root
53845254183	1784361989	nd-unfolding/active_universe_5d/standard/merged/runEventLoopOmniFold_5D_MEFHC_active_Muon_Energy_MINERvA_0.root
53845155381	1784361987	nd-unfolding/active_universe_5d/standard/merged/runEventLoopOmniFold_5D_MEFHC_active_Muon_Energy_MINERvA_1.root
53841190691	1784362095	nd-unfolding/active_universe_5d/standard/merged/runEventLoopOmniFold_5D_MEFHC_active_Muon_Energy_MINOS_0.root
53845919075	1784362095	nd-unfolding/active_universe_5d/standard/merged/runEventLoopOmniFold_5D_MEFHC_active_Muon_Energy_MINOS_1.root
